iter	RMSE
0	0.1820418041
1	0.1796603389
2	0.1772288985
3	0.1762908967
4	0.1753367541
5	0.1746021149
6	0.1737391952
7	0.1734061274
8	0.1726887773
9	0.1722040352
10	0.1718915832
11	0.170966631
12	0.1700682515
13	0.1684140234
14	0.1662233117
15	0.1631008439
16	0.1613228053
17	0.1576120665
18	0.1556380156
19	0.1534024991
20	0.1519959668
